{
  "doc_0": 0.7856838941574097,
  "doc_1": 0.8128053188323975,
  "doc_2": 0.8179492831230164,
  "doc_3": 0.8013185739517212,
  "doc_4": 0.8003038883209228,
  "doc_5": 0.8079745054244996,
  "doc_6": 0.802718997001648,
  "doc_7": 0.8096570253372193,
  "doc_8": 0.7976688146591187,
  "doc_9": 0.8020999908447266,
  "doc_10": 0.7981852531433106,
  "doc_11": 0.7913447856903076,
  "doc_12": 0.804000973701477,
  "doc_13": 0.8077067375183106,
  "doc_14": 0.7847284436225891,
  "doc_15": 0.804775083065033,
  "doc_16": 0.7920241713523865,
  "doc_17": 0.7849473714828491,
  "doc_18": 0.7786127328872681,
  "doc_19": 0.7851040005683899
}