{
  "doc_0": 0.7774952173233032,
  "doc_1": 0.7985111951828003,
  "doc_2": 0.805637526512146,
  "doc_3": 0.7878640055656433,
  "doc_4": 0.79911789894104,
  "doc_5": 0.7986432909965515,
  "doc_6": 0.7947850942611694,
  "doc_7": 0.7906930208206177,
  "doc_8": 0.7894116520881653,
  "doc_9": 0.7976845026016235,
  "doc_10": 0.7730313777923584,
  "doc_11": 0.7680394291877747,
  "doc_12": 0.7951952576637268,
  "doc_13": 0.7969455599784852,
  "doc_14": 0.7928544640541076,
  "doc_15": 0.7875286936759949,
  "doc_16": 0.7989784121513367,
  "doc_17": 0.7913180232048035,
  "doc_18": 0.7993181586265564,
  "doc_19": 0.7966728925704956
}