{
  "doc_0": 0.7995215773582458,
  "doc_1": 0.8082886338233948,
  "doc_2": 0.7900416254997253,
  "doc_3": 0.7949043989181519,
  "doc_4": 0.7978018522262573,
  "doc_5": 0.7895407795906066,
  "doc_6": 0.7978110551834107,
  "doc_7": 0.8077233910560608,
  "doc_8": 0.7981640458106994,
  "doc_9": 0.799001955986023,
  "doc_10": 0.7688017725944519,
  "doc_11": 0.809298062324524,
  "doc_12": 0.7999541282653808,
  "doc_13": 0.7944734334945679,
  "doc_14": 0.7997040152549744,
  "doc_15": 0.7824546217918396,
  "doc_16": 0.7969369769096375,
  "doc_17": 0.798919427394867,
  "doc_18": 0.777903413772583,
  "doc_19": 0.7817351698875428
}