{
  "doc_0": 0.7789248943328857,
  "doc_1": 0.8015326738357544,
  "doc_2": 0.7938474178314209,
  "doc_3": 0.8027449727058411,
  "doc_4": 0.7890701055526733,
  "doc_5": 0.7920844554901123,
  "doc_6": 0.7983660340309143,
  "doc_7": 0.792497980594635,
  "doc_8": 0.7937595009803772,
  "doc_9": 0.7888285160064697,
  "doc_10": 0.7712785840034485,
  "doc_11": 0.7937756896018981,
  "doc_12": 0.8080127120018006,
  "doc_13": 0.7874466896057128,
  "doc_14": 0.803442120552063,
  "doc_15": 0.7877003431320191,
  "doc_16": 0.8043182373046875,
  "doc_17": 0.7875455379486084,
  "doc_18": 0.7933001518249512,
  "doc_19": 0.7880063056945801
}