{
  "doc_0": 0.7972832679748535,
  "doc_1": 0.7993708252906799,
  "doc_2": 0.7946053981781006,
  "doc_3": 0.7942206621170044,
  "doc_4": 0.7840890526771546,
  "doc_5": 0.7885210752487183,
  "doc_6": 0.8034400820732117,
  "doc_7": 0.8004175424575806,
  "doc_8": 0.788639497756958,
  "doc_9": 0.7939373970031738,
  "doc_10": 0.7768881797790528,
  "doc_11": 0.7853627443313599,
  "doc_12": 0.8005451798439026,
  "doc_13": 0.7900208115577698,
  "doc_14": 0.798383367061615,
  "doc_15": 0.7923789501190186,
  "doc_16": 0.775290584564209,
  "doc_17": 0.7724092245101929,
  "doc_18": 0.796174693107605,
  "doc_19": 0.797401225566864
}